Model,Base,Response,Correct Response,Prompt
gpt-3.5-turbo,4,9,9,"Here is a puzzle. Can you solve it? 
 Please output only the answer (in place of the ??) and nothing else!

        
 asto  stead = 7 
 asto  contact = 5 
 _Inter  stead = 11 
 _Inter  contact = ?? 
 
        "
gpt-4,4,9,9,"Here is a puzzle. Can you solve it? 
 Please output only the answer (in place of the ??) and nothing else!

        
 asto  stead = 7 
 asto  contact = 5 
 _Inter  stead = 11 
 _Inter  contact = ?? 
 
        "
gpt-4o,4,9,9,"Here is a puzzle. Can you solve it? 
 Please output only the answer (in place of the ??) and nothing else!

        
 asto  stead = 7 
 asto  contact = 5 
 _Inter  stead = 11 
 _Inter  contact = ?? 
 
        "
gpt-3.5-turbo,5,5,13,"Here is a puzzle. Can you solve it? 
 Please output only the answer (in place of the ??) and nothing else!

        
 asto  stead = 9 
 asto  contact = 8 
 _Inter  stead = 14 
 _Inter  contact = ?? 
 
        "
gpt-4,5,13,13,"Here is a puzzle. Can you solve it? 
 Please output only the answer (in place of the ??) and nothing else!

        
 asto  stead = 9 
 asto  contact = 8 
 _Inter  stead = 14 
 _Inter  contact = ?? 
 
        "
gpt-4o,5,13,13,"Here is a puzzle. Can you solve it? 
 Please output only the answer (in place of the ??) and nothing else!

        
 asto  stead = 9 
 asto  contact = 8 
 _Inter  stead = 14 
 _Inter  contact = ?? 
 
        "
gpt-3.5-turbo,6,8,15,"Here is a puzzle. Can you solve it? 
 Please output only the answer (in place of the ??) and nothing else!

        
 asto  stead = 11 
 asto  contact = 9 
 _Inter  stead = 17 
 _Inter  contact = ?? 
 
        "
gpt-4,6,15,15,"Here is a puzzle. Can you solve it? 
 Please output only the answer (in place of the ??) and nothing else!

        
 asto  stead = 11 
 asto  contact = 9 
 _Inter  stead = 17 
 _Inter  contact = ?? 
 
        "
gpt-4o,6,15,15,"Here is a puzzle. Can you solve it? 
 Please output only the answer (in place of the ??) and nothing else!

        
 asto  stead = 11 
 asto  contact = 9 
 _Inter  stead = 17 
 _Inter  contact = ?? 
 
        "
gpt-3.5-turbo,7,18,18,"Here is a puzzle. Can you solve it? 
 Please output only the answer (in place of the ??) and nothing else!

        
 asto  stead = 13 
 asto  contact = 11 
 _Inter  stead = 20 
 _Inter  contact = ?? 
 
        "
gpt-4,7,18,18,"Here is a puzzle. Can you solve it? 
 Please output only the answer (in place of the ??) and nothing else!

        
 asto  stead = 13 
 asto  contact = 11 
 _Inter  stead = 20 
 _Inter  contact = ?? 
 
        "
gpt-4o,7,18,18,"Here is a puzzle. Can you solve it? 
 Please output only the answer (in place of the ??) and nothing else!

        
 asto  stead = 13 
 asto  contact = 11 
 _Inter  stead = 20 
 _Inter  contact = ?? 
 
        "
gpt-3.5-turbo,8,11,21,"Here is a puzzle. Can you solve it? 
 Please output only the answer (in place of the ??) and nothing else!

        
 asto  stead = 15 
 asto  contact = 13 
 _Inter  stead = 23 
 _Inter  contact = ?? 
 
        "
gpt-4,8,21,21,"Here is a puzzle. Can you solve it? 
 Please output only the answer (in place of the ??) and nothing else!

        
 asto  stead = 15 
 asto  contact = 13 
 _Inter  stead = 23 
 _Inter  contact = ?? 
 
        "
gpt-4o,8,21,21,"Here is a puzzle. Can you solve it? 
 Please output only the answer (in place of the ??) and nothing else!

        
 asto  stead = 15 
 asto  contact = 13 
 _Inter  stead = 23 
 _Inter  contact = ?? 
 
        "
gpt-3.5-turbo,9,24,24,"Here is a puzzle. Can you solve it? 
 Please output only the answer (in place of the ??) and nothing else!

        
 asto  stead = 17 
 asto  contact = 15 
 _Inter  stead = 26 
 _Inter  contact = ?? 
 
        "
gpt-4,9,24,24,"Here is a puzzle. Can you solve it? 
 Please output only the answer (in place of the ??) and nothing else!

        
 asto  stead = 17 
 asto  contact = 15 
 _Inter  stead = 26 
 _Inter  contact = ?? 
 
        "
gpt-4o,9,24,24,"Here is a puzzle. Can you solve it? 
 Please output only the answer (in place of the ??) and nothing else!

        
 asto  stead = 17 
 asto  contact = 15 
 _Inter  stead = 26 
 _Inter  contact = ?? 
 
        "
gpt-3.5-turbo,11,24,24,"Here is a puzzle. Can you solve it? 
 Please output only the answer (in place of the ??) and nothing else!

        
 asto  stead = 20 
 asto  contact = 13 
 _Inter  stead = 31 
 _Inter  contact = ?? 
 
        "
gpt-4,11,24,24,"Here is a puzzle. Can you solve it? 
 Please output only the answer (in place of the ??) and nothing else!

        
 asto  stead = 20 
 asto  contact = 13 
 _Inter  stead = 31 
 _Inter  contact = ?? 
 
        "
gpt-4o,11,24,24,"Here is a puzzle. Can you solve it? 
 Please output only the answer (in place of the ??) and nothing else!

        
 asto  stead = 20 
 asto  contact = 13 
 _Inter  stead = 31 
 _Inter  contact = ?? 
 
        "
gpt-3.5-turbo,12,28,28,"Here is a puzzle. Can you solve it? 
 Please output only the answer (in place of the ??) and nothing else!

        
 asto  stead = 21 
 asto  contact = 16 
 _Inter  stead = 33 
 _Inter  contact = ?? 
 
        "
gpt-4,12,28,28,"Here is a puzzle. Can you solve it? 
 Please output only the answer (in place of the ??) and nothing else!

        
 asto  stead = 21 
 asto  contact = 16 
 _Inter  stead = 33 
 _Inter  contact = ?? 
 
        "
gpt-4o,12,28,28,"Here is a puzzle. Can you solve it? 
 Please output only the answer (in place of the ??) and nothing else!

        
 asto  stead = 21 
 asto  contact = 16 
 _Inter  stead = 33 
 _Inter  contact = ?? 
 
        "
gpt-3.5-turbo,13,17,31,"Here is a puzzle. Can you solve it? 
 Please output only the answer (in place of the ??) and nothing else!

        
 asto  stead = 22 
 asto  contact = 18 
 _Inter  stead = 35 
 _Inter  contact = ?? 
 
        "
gpt-4,13,31,31,"Here is a puzzle. Can you solve it? 
 Please output only the answer (in place of the ??) and nothing else!

        
 asto  stead = 22 
 asto  contact = 18 
 _Inter  stead = 35 
 _Inter  contact = ?? 
 
        "
gpt-4o,13,31,31,"Here is a puzzle. Can you solve it? 
 Please output only the answer (in place of the ??) and nothing else!

        
 asto  stead = 22 
 asto  contact = 18 
 _Inter  stead = 35 
 _Inter  contact = ?? 
 
        "
gpt-3.5-turbo,14,20,31,"Here is a puzzle. Can you solve it? 
 Please output only the answer (in place of the ??) and nothing else!

        
 asto  stead = 23 
 asto  contact = 17 
 _Inter  stead = 37 
 _Inter  contact = ?? 
 
        "
gpt-4,14,31,31,"Here is a puzzle. Can you solve it? 
 Please output only the answer (in place of the ??) and nothing else!

        
 asto  stead = 23 
 asto  contact = 17 
 _Inter  stead = 37 
 _Inter  contact = ?? 
 
        "
gpt-4o,14,31,31,"Here is a puzzle. Can you solve it? 
 Please output only the answer (in place of the ??) and nothing else!

        
 asto  stead = 23 
 asto  contact = 17 
 _Inter  stead = 37 
 _Inter  contact = ?? 
 
        "
gpt-3.5-turbo,15,38,38,"Here is a puzzle. Can you solve it? 
 Please output only the answer (in place of the ??) and nothing else!

        
 asto  stead = 19 
 asto  contact = 23 
 _Inter  stead = 34 
 _Inter  contact = ?? 
 
        "
gpt-4,15,38,38,"Here is a puzzle. Can you solve it? 
 Please output only the answer (in place of the ??) and nothing else!

        
 asto  stead = 19 
 asto  contact = 23 
 _Inter  stead = 34 
 _Inter  contact = ?? 
 
        "
gpt-4o,15,38,38,"Here is a puzzle. Can you solve it? 
 Please output only the answer (in place of the ??) and nothing else!

        
 asto  stead = 19 
 asto  contact = 23 
 _Inter  stead = 34 
 _Inter  contact = ?? 
 
        "
gpt-3.5-turbo,16,44,41,"Here is a puzzle. Can you solve it? 
 Please output only the answer (in place of the ??) and nothing else!

        
 asto  stead = 19 
 asto  contact = 25 
 _Inter  stead = 35 
 _Inter  contact = ?? 
 
        "
gpt-4,16,41,41,"Here is a puzzle. Can you solve it? 
 Please output only the answer (in place of the ??) and nothing else!

        
 asto  stead = 19 
 asto  contact = 25 
 _Inter  stead = 35 
 _Inter  contact = ?? 
 
        "
gpt-4o,16,41,41,"Here is a puzzle. Can you solve it? 
 Please output only the answer (in place of the ??) and nothing else!

        
 asto  stead = 19 
 asto  contact = 25 
 _Inter  stead = 35 
 _Inter  contact = ?? 
 
        "
gpt-3.5-turbo,17,19,39,"Here is a puzzle. Can you solve it? 
 Please output only the answer (in place of the ??) and nothing else!

        
 asto  stead = 25 
 asto  contact = 22 
 _Inter  stead = 42 
 _Inter  contact = ?? 
 
        "
gpt-4,17,39,39,"Here is a puzzle. Can you solve it? 
 Please output only the answer (in place of the ??) and nothing else!

        
 asto  stead = 25 
 asto  contact = 22 
 _Inter  stead = 42 
 _Inter  contact = ?? 
 
        "
gpt-4o,17,39,39,"Here is a puzzle. Can you solve it? 
 Please output only the answer (in place of the ??) and nothing else!

        
 asto  stead = 25 
 asto  contact = 22 
 _Inter  stead = 42 
 _Inter  contact = ?? 
 
        "
gpt-3.5-turbo,18,45,45,"Here is a puzzle. Can you solve it? 
 Please output only the answer (in place of the ??) and nothing else!

        
 asto  stead = 20 
 asto  contact = 27 
 _Inter  stead = 38 
 _Inter  contact = ?? 
 
        "
gpt-4,18,45,45,"Here is a puzzle. Can you solve it? 
 Please output only the answer (in place of the ??) and nothing else!

        
 asto  stead = 20 
 asto  contact = 27 
 _Inter  stead = 38 
 _Inter  contact = ?? 
 
        "
gpt-4o,18,45,45,"Here is a puzzle. Can you solve it? 
 Please output only the answer (in place of the ??) and nothing else!

        
 asto  stead = 20 
 asto  contact = 27 
 _Inter  stead = 38 
 _Inter  contact = ?? 
 
        "
gpt-3.5-turbo,19,19,41,"Here is a puzzle. Can you solve it? 
 Please output only the answer (in place of the ??) and nothing else!

        
 asto  stead = 26 
 asto  contact = 22 
 _Inter  stead = 45 
 _Inter  contact = ?? 
 
        "
gpt-4,19,41,41,"Here is a puzzle. Can you solve it? 
 Please output only the answer (in place of the ??) and nothing else!

        
 asto  stead = 26 
 asto  contact = 22 
 _Inter  stead = 45 
 _Inter  contact = ?? 
 
        "
gpt-4o,19,41,41,"Here is a puzzle. Can you solve it? 
 Please output only the answer (in place of the ??) and nothing else!

        
 asto  stead = 26 
 asto  contact = 22 
 _Inter  stead = 45 
 _Inter  contact = ?? 
 
        "
